turn_id,created_date,label,sample
b36777cc-15c7-4df8-a4c4-378f733a1114,2026-07-09,T,train
b6188e82-c037-4a39-9832-bf74f86c17b0,2025-06-12,T,train
d1ad8537-3318-4fcf-a022-dec799689ea3,2026-08-03,T,train
ced5938b-b255-4976-b186-85c21c42f020,2026-09-09,P,train
6d601f7d-d941-414f-9e9a-0764003ca27d,2025-04-09,T,train
05fa678d-739e-4332-ba11-01a47a54857d,2025-06-16,P,train
a703a58b-17d2-44a2-bbe4-a3215c596755,2026-07-10,P,train
e691368a-77e5-4e09-be24-c31df35b7f1c,2026-03-06,P,train
4aa244dc-6641-40ae-a08a-5e1ec0ebd2a4,2026-06-22,P,train
6f9d9670-f10a-4e04-b74e-87228de58725,2026-07-21,U,train
ddf21a4a-5670-4047-b83a-6235412aa374,2026-07-10,T,train
65264ef2-f566-4818-a063-f149b019c72a,2026-09-04,P,train
ce5edb4e-a40d-4811-a5d9-f914d3de1594,2026-02-04,P,train
2e684ebb-8eab-46e3-bca8-c25b61572dac,2026-07-28,T,train
00b541ae-188e-4706-9293-aa90b8db392f,2026-04-02,P,train
9b2c0921-66f3-49ff-8368-05fc10bc5a99,2026-06-18,U,train
e0be3f02-1e5b-4e79-b2eb-2d714db4a23e,2026-06-18,P,train
193c2ed3-c8b8-4b1d-835c-a69176a1fc4a,2026-08-17,P,train
0ea1bcf4-e055-4c70-a6c7-e84174fa22fb,2026-02-27,T,train
82200244-1376-4e27-86f8-78c6842a8244,2026-08-07,U,train
a31b411f-df72-470a-8573-15c294232f5b,2025-04-05,U,train
ac57e91a-01ed-4ff7-9cf4-4e1da8567846,2026-07-24,U,train
98f0fe6b-1c8e-425a-8283-a6ae0cbb8873,2026-08-25,P,train
e6628840-405d-4346-b692-bfcc3ceb224d,2026-08-28,P,train
f92b0b7c-8f4c-4d25-a20d-9bf75ff28dc8,2025-12-19,P,train
8ef00e92-7967-460f-90f0-709f7c6be8f0,2025-11-10,P,train
02fc9ce6-6771-4778-9a6a-73f0bea1137f,2025-12-16,P,train
2b510e49-2915-41b9-b2a8-8194d66db9b6,2026-06-02,P,train
db12f11f-d5a6-44e4-a20b-edf6c1c2b74c,2026-08-20,P,train
4adc1e6f-2020-4c3c-95f7-6b4ffcd51a08,2026-09-08,T,train
fe1c622f-8439-4929-b267-0ed70e3dff70,2025-12-16,P,train
6f6f4331-2fe4-4972-b33d-37bcddcc7574,2025-12-10,P,train
2718d73b-0cca-4a6c-b70e-6b228433f82a,2026-04-07,P,train
2d7c7ff1-076a-4bd9-b280-92c59571f7e0,2026-08-17,T,train
58691770-7c39-4c1a-84fd-4666253d3e5c,2026-08-17,P,train
b7855d27-abe7-4c74-8d1a-2d7f126e1c8c,2026-07-13,T,train
59d7cfc4-6b6e-4c67-a9f5-841deb08b818,2026-06-16,U,train
bab77099-38e8-4693-a2a4-409b216b9c13,2025-08-19,P,train
e880776a-9699-4a6e-8606-a6ae61d5948b,2026-07-30,T,train
9d2077cd-ef56-4bf0-95e1-179ea9023d41,2026-09-04,P,train
6af1c666-b3d4-452d-8943-e6f803785ba7,2026-04-06,T,train
743e0038-4df2-41a7-9434-64bcea2ba533,2026-08-24,P,train
a69c8004-84aa-4216-bbc2-ffdfcea1c179,2026-08-21,P,train
775f0cad-7084-4ea1-ac37-37b5dd9b4ea6,2026-02-23,P,train
61784f6c-8b6a-4dc4-af49-f92609845cdf,2025-12-19,P,train
879df208-9f09-4daf-9401-1c8d9add4b1a,2026-01-13,P,train
17fd5e94-46c9-47f1-bc7f-69ec35bf397c,2025-06-03,U,train
089e023d-88b5-430f-a59a-b0582faec295,2026-07-27,P,train
ac3202d8-46bb-4a2f-b8d9-33cd89842e82,2025-12-05,T,train
ccb1f3b8-d2e0-4397-971f-85c3740e2bdf,2026-07-17,P,train
50c96fed-cc02-40bc-812d-d8ac00af0123,2026-07-30,P,train
278dc102-cd7f-4bee-9faa-580887c952d2,2026-09-07,T,train
a20b9171-dea5-486c-86e1-df70d27f4957,2025-07-31,P,train
5a1f6392-ea0e-4289-8402-633011d977e1,2026-07-16,T,train
ac4c6138-b528-4914-a342-8a84cd3d0354,2025-12-23,T,train
1621591f-e0cd-4d90-b480-89cce88d5108,2025-09-08,P,train
5b5b36f2-d0e9-4581-a153-1883a5f3dc52,2026-05-20,U,train
7f13a72a-5542-4633-a205-324462784027,2025-12-17,P,train
658a8d5a-b65f-4637-a8ca-e34978cffb52,2025-10-27,T,train
209c98e8-1539-431e-9175-c49375d75bb2,2026-09-09,T,train
785687c8-914f-4bba-b5be-1b00274f82f6,2026-07-31,P,train
d166eccd-e2a1-478d-b690-c398b796afc6,2026-09-11,P,train
a6acdaeb-70e1-48ff-9175-0d9807e88ed2,2026-06-25,U,train
0465ac38-8dd8-47ce-8450-e4b640c8dd41,2026-09-01,T,train
886f4e6c-326c-454c-8460-26b1336b580a,2026-08-10,P,train
32c211da-64c1-4416-99fa-084a7ac588fe,2026-07-01,P,train
e31d395d-0d9c-4289-a238-3f07fbee2b14,2026-06-29,P,train
74faf276-24d4-45c0-a271-757c7827af23,2025-11-24,T,train
be23c08f-664a-4996-9052-6aab6830da3f,2026-07-20,T,train
b94167cc-64cd-4356-a7b9-f916fe222866,2026-05-05,P,train
324dc608-34d5-40be-bd45-7f2fe3256e1f,2025-12-18,P,train
8f5635bc-c9af-445d-b65d-a56cc065be82,2025-06-05,P,train
8e9d51bb-0e9d-422a-8025-3c3d6ce5f787,2026-05-13,U,train
f9503819-881b-418a-aafb-f759d87b3512,2026-01-27,U,train
97bf7fa1-c718-4e2e-a5e3-71632e276736,2025-08-08,P,train
be16610c-eb47-4ffa-a286-8578cb299ae7,2026-02-09,U,train
ca364f9a-3df0-4021-8a80-446eae8710f1,2026-04-15,P,train
9584ec1b-68b8-4b60-aa43-0a4d8c8a545c,2026-07-29,P,train
787133bc-1971-4453-ba78-881d38a5d6e0,2026-08-12,P,train
0923b398-b685-4703-aa9c-8530968efe2b,2026-03-24,T,train
9db09a57-ad32-43d5-a180-55bfe901329c,2026-05-25,P,train
8e923e95-51f3-4480-99a7-edde86d3d37a,2025-09-10,P,train
07db28ce-af3e-43b1-b229-5c56d351e0ce,2025-07-11,P,train
48108a01-d048-4ee2-862a-e688736731f7,2026-09-18,P,train
c840b06e-f206-4e5c-bc4b-b2e5841d10e0,2026-02-16,P,train
43c24d58-0d49-4317-831c-9d2606ecf18d,2026-02-20,P,train
3ec3bcfc-c743-40be-82f4-170a3a8e186f,2026-01-07,T,train
337c4a84-ea25-4097-ac00-90d8615bbd8b,2025-09-25,U,train
5be7442e-9431-4bf4-a4f6-495b280b0473,2026-03-27,T,train
5fc94871-909f-4b6a-8444-8aea85866dff,2026-04-09,T,train
df57d7f3-c861-4892-b819-c3df428833ec,2026-07-23,P,train
7da87510-67f7-41c2-8ff9-22835d4c033f,2026-01-05,P,train
edf51114-74fe-4fdd-9a54-dae50ce51e5c,2026-03-06,T,train
be5d2ebf-7f39-4426-ae91-bcfca3989ca7,2026-06-26,P,train
f5b5c2bc-c134-4728-80ee-e4fbdd428db2,2026-08-03,P,train
c5626671-fc35-480d-8da9-14778538dbd1,2025-12-09,T,train
b62b1281-3937-4d6f-b9d5-4ebd5535423a,2026-05-05,P,train
76f29672-5173-4ffe-a25b-1b36f819039c,2026-08-07,P,train
90456d63-4622-4609-8263-2f1c55a4e8b2,2026-08-20,T,train
6cc21398-e3fe-4eb6-a5d6-44333c38e78b,2026-02-11,T,train
6718ccce-67be-4692-b8ba-b0a3d4afddf2,2026-07-09,P,train
1b9a7008-4092-454d-9f0d-a2d996b323d8,2025-11-21,U,train
f53d263a-f640-4f9b-8375-1d68154a4320,2026-03-16,P,train
6a22bfc8-e57b-43ef-b880-4d0e89aa0c01,2026-08-17,T,train
a36d3a13-61c7-4674-878c-c8de1e97ed3a,2026-07-21,T,train
50d604de-f0a4-43e5-912b-f14ead9197e9,2026-08-10,P,train
c84ace4e-3719-4ac0-8d08-314e06c58d60,2026-07-06,U,train
3ff6f53e-0eb5-408e-bcdb-fe67dfdf69b6,2026-06-30,P,train
b63fd0ea-9ca1-48f3-9de2-3f01609c8096,2026-01-13,P,train
c674dc7f-c550-43f7-97e9-95e2e268f5cd,2025-11-03,U,train
3225e31c-94f0-40cd-ae6e-075d0de5cf06,2026-07-30,T,train
8639b642-69ab-4a50-9e3d-bb7dae3a5e57,2026-05-18,U,train
5bec78c4-5409-46cf-ad0d-5690d6e1636e,2026-07-20,P,train
21c71cc3-1d10-4144-82f3-8eaf57aa460f,2026-08-11,T,train
b998fe5b-da95-4706-9002-e755b464ab85,2026-08-17,U,train
2bc44082-02c2-4c72-9cd8-27633681e019,2026-08-05,U,train
b06e527d-cb31-4ccf-ba12-072bf8627784,2026-08-25,T,train
8591d1fa-3bdd-4d91-80e9-9fd94d302181,2026-08-13,P,train
2976c2b7-c70f-4d4e-95d9-2b3e49512037,2026-08-06,T,train
959316db-70d7-4fc7-a7e9-70b4057c6b0c,2026-01-07,U,train
d84f3224-fb98-40b9-ae10-c8a8c01c4224,2026-05-14,T,train
d309fb5e-4c16-4795-8faf-83d2105d56de,2026-06-29,P,train
8d4d9164-4235-4f5b-a2f8-58dbef5f3a95,2025-04-04,U,train
b7192a84-7c3e-4835-857c-c540cc5e98ae,2026-07-20,T,train
0fa5a69a-6ccc-44d2-8832-33dec2feb7f2,2026-04-08,T,train
7574a11a-0d34-403b-b454-080cf2891fa0,2026-09-09,T,train
78652ff9-96f5-4025-9e72-1b231850457e,2026-07-21,P,train
c3b6afe5-14d3-4176-a1ef-13411e591142,2026-07-20,T,train
09f9603c-e52e-4f57-9c70-5548c4750131,2026-07-20,P,train
c1d6895c-13d4-444d-82a4-777e12e0b600,2025-08-22,P,train
03d88863-bdac-4eb6-9735-db86b08086da,2026-09-08,U,train
379fb81c-9433-458a-8c63-a07c1c4bfc11,2026-08-11,P,train
5b8ef3fb-4063-4171-8be3-922b8b996b46,2026-08-05,P,train
e4e39014-166a-4759-b965-6d86802c1bc0,2026-08-07,P,train
2b990409-ea86-4757-bfe7-3baf586d110a,2026-02-04,P,train
5a8d3a92-5c85-4485-a083-988257976046,2025-06-29,U,train
51ae4895-d800-48d8-8f3d-54c65ae7a09a,2026-08-21,T,train
5e7d5d4b-c716-44ac-8fb6-21ad091aa737,2026-07-08,T,train
48b352ef-3db9-4f08-a521-d1c55dea214a,2026-08-11,U,train
c915705e-cb09-4c7a-91ad-749c4f084e5e,2026-08-12,P,train
8706a9b1-ef8e-437c-809e-eae9c1b81a9d,2026-08-11,P,train
d665311e-b21e-4f1a-9434-432239938a0d,2026-07-29,U,train
e0c6f151-5f3d-4104-a148-0b0da53d25c4,2026-09-18,T,train
8b7516c0-e5d8-4bdb-9340-ebd8a2438091,2026-08-14,U,train
38825511-c448-49cc-b4d0-0239a68314f8,2026-05-18,P,train
72a491cf-c49d-4221-855c-066fb4cb8a78,2025-09-30,U,train
0465ca32-5761-4824-917f-91f381e85f59,2025-12-05,T,train
eb4d0d35-2c26-41eb-807d-0ffb858cd290,2026-05-20,P,train
e65a40aa-248d-4241-aa92-44935d6cf83f,2025-04-16,T,train
05da95be-6e56-4c08-ac8f-fa48c765b432,2026-03-23,T,train
2a8acd04-cf17-4b6e-a08a-a168da1d77e4,2026-06-08,P,holdout
a1eb2ccd-7c9a-466a-91fe-ec09d9b6e8de,2026-03-19,P,holdout
10fb248e-30d4-46eb-891e-c949f8e4e8df,2026-09-09,P,holdout
f975b5f6-48d6-4d77-a5ba-071ba99e4e14,2026-09-11,U,holdout
c627891c-2e04-4244-b1ba-3fb59e7929ad,2025-12-23,T,holdout
dabca698-ceca-4e47-ad60-ab219c490347,2026-07-16,T,holdout
514e39bb-ef17-4fa7-bc57-a646ad8c8b6c,2026-07-13,P,holdout
0fbf1881-3ed5-47ac-a813-b9cc4e139b71,2026-08-14,P,holdout
f589e544-0b4c-400d-b4aa-e7068026b788,2025-08-25,P,holdout
5d5de304-fa99-4779-9d81-f927fd65bc47,2026-09-09,T,holdout
bace3dde-14db-4fac-8206-331ac0fa07c3,2026-05-22,P,holdout
969d38a2-3e45-4c13-8fc1-9bca7f271f9a,2025-04-04,U,holdout
10e454c1-6b73-4fac-b1df-7736c81136ec,2026-09-07,P,holdout
52ee4df7-a9f3-4777-9935-992ac6c1cb83,2026-02-02,T,holdout
6975ae13-d90f-43a0-a587-18399a78d505,2026-07-20,T,holdout
0c7988b4-6327-4cdf-b5f6-10ae0c9da757,2026-04-29,T,holdout
27237124-1750-481b-8495-c94ab340687d,2026-07-06,T,holdout
33d6ea3d-e1e9-4675-afac-c612eaed6505,2025-11-27,P,holdout
6cf8d12d-c375-4b2b-bfea-dd97a14501df,2025-11-18,P,holdout
3e0404c1-49f5-4e5d-a539-381c93675a36,2026-03-25,P,holdout
a896e4b3-6b7b-4f58-910f-7a610dad974d,2026-02-04,P,holdout
6e9d6c10-d411-4009-9d7c-3189bffb84de,2026-08-31,P,holdout
cc28b79a-5c6d-43c8-888f-019da9dfd598,2026-08-27,P,holdout
40e02869-3320-4e29-a38a-88f185906f82,2026-08-07,P,holdout
159deba4-fccb-46be-afd2-2df516e06641,2026-08-25,P,holdout
b404b501-1981-4867-a673-75b4eccb04fb,2026-06-17,P,holdout
c835a63c-393b-4560-b183-5db939783862,2026-09-15,P,holdout
87da6e7c-4653-41dd-bf72-d4c90d03a0b8,2026-07-21,P,holdout
956fd050-cdc4-4163-ac5c-9ce9cf3bf5ae,2026-09-14,P,holdout
ff67b47a-2603-4d43-9eed-e949e0c62b64,2026-07-07,T,holdout
a9f71b10-272b-4e2a-b43e-f036fe08a88f,2026-05-14,P,holdout
0d3fbf5c-20a3-4ccd-8e37-77733a2f156b,2025-09-01,U,holdout
3b04e504-2641-4801-b746-0c65f7de3ff4,2026-03-25,P,holdout
2ca59dd4-780e-44f8-b6e7-b6733db3dbc9,2026-03-27,T,holdout
f890cce3-3840-4c31-9131-60e22fed58e4,2026-03-06,T,holdout
3e7eb958-8919-4acf-a51c-9d54b0568251,2026-08-31,P,holdout
7fa5bd4b-be88-4f71-bef0-242fd6e6a020,2026-06-19,P,holdout
331f5006-3dbb-4297-ad9b-c7ed5100a3e4,2026-01-19,P,holdout
a3744407-f551-48ef-a06b-7e534ee9d54d,2026-07-14,P,holdout
00f29bd0-eb95-4b3b-9b81-cda245137ba4,2026-06-03,P,holdout
73fa07ef-9add-4fca-b8af-9f3525b0e57f,2025-12-15,P,holdout
4265f3b5-697e-4577-924c-5fe0bbfe09f6,2026-06-09,P,holdout
689cb112-3bce-4629-9375-ff92b09b9412,2026-08-27,P,holdout
c89908f0-c287-40ac-b52c-803d9cae54cb,2026-07-03,P,holdout
9df34d11-960e-4563-9634-0eac22db2056,2026-07-08,P,holdout
e086b3b4-19b6-41db-9e75-e5428394dc0c,2025-11-11,T,holdout
15e959fd-52e1-4cf7-b154-fa9b71fa4632,2026-02-26,T,holdout
d968807c-48e0-4b5d-9fbc-a331319bd3dc,2026-08-24,P,holdout
180d5b9a-44d8-42aa-9231-f4368799b2b8,2026-09-15,P,holdout
8a1636e3-ecc5-47cc-872f-5a12d688bd1f,2025-11-24,U,holdout
e0fa8cd2-cc0b-4c70-8fcc-b397b245f398,2026-04-20,T,holdout
466bfd02-a2b6-49c9-b1cc-7ab8bf9e535b,2026-09-08,U,holdout
e26b9412-c6e5-40a0-8b93-f8a502a2724a,2025-11-19,P,holdout
eb14ad73-6c70-49ae-ad9e-ea48516b34f6,2025-11-17,P,holdout
374017bd-9ca6-4c8a-b0cc-8fcd57365a3c,2025-12-15,P,holdout
a9d0abcb-5e6d-4d4e-a310-517d91ad3d2b,2026-06-08,U,holdout
0d46a0ff-3fb0-4816-954e-5eb7851b5f5c,2026-06-09,P,holdout
915b5a7a-f2b2-41d3-99fa-7e236e44188e,2026-08-10,T,holdout
f0c2a716-515e-49fb-a377-b8f97ef6d04f,2026-01-28,T,holdout
ad8d0c33-ea22-48a7-8254-609f7efa7009,2025-12-31,T,holdout
d6d1cb3a-d4fb-4f45-854b-7ebc279ba5b9,2026-08-18,P,holdout
234edf76-7223-4aa2-93ef-8fbc2b9c949d,2026-06-10,T,holdout
1930fb81-67d8-4f80-a444-187bbd6760ba,2026-05-27,P,holdout
ad6266b1-1f55-40ac-8de5-3aeefc761ac1,2026-08-20,P,holdout
56f6da78-cd8b-47d8-b431-9e67e3fd718e,2026-04-22,P,holdout
549e8a1f-020a-42a0-b9a6-07392f491bb1,2026-01-30,T,holdout
41f65fab-84e2-4e26-acfe-1f1177a604eb,2026-08-24,P,holdout
302dcd66-644a-459f-a0f7-f0a4c466e8f5,2026-08-12,T,holdout
e87f59cd-ce5f-41ba-be4f-827a3c6c1064,2026-08-19,P,holdout
eecd3817-3649-4bb3-a095-2d1cfde77d94,2026-06-18,U,holdout
37404e61-9cd4-4ea6-b857-874aafd77d1f,2026-08-26,P,holdout
515a4308-a517-4bcf-99ed-396b5f8277c4,2026-06-30,P,holdout
4503bba5-4b2a-46e3-b04f-15ab32ce6baf,2026-08-31,P,holdout
677a3c12-1f3a-4422-ba6e-7a36a5474b96,2026-08-27,P,holdout
8d096161-3805-4e43-8733-e497316415c9,2025-12-26,U,holdout
c921dbcd-01bc-4f4e-a2a2-59ad7b661a0c,2025-11-25,P,holdout
53a28d2a-649a-4d7f-9326-dfa34701c0c8,2026-07-30,T,holdout
42c7f8cc-5934-4138-a81e-e426b4dc7c24,2026-01-08,P,holdout
ff551846-8283-4b67-9aee-f3547b7000fb,2025-11-13,T,holdout
1b8a9a54-7553-4612-8d42-c492a5e6ec77,2026-08-14,P,holdout
c2f42f7a-36cf-4e9e-b5dc-e067fb0f998e,2026-09-09,U,holdout
957db125-7aae-4529-b9e1-919ed5d40df2,2026-04-01,P,holdout
883bc4b7-857a-473c-b3a0-7aa91bf644f9,2026-01-27,T,holdout
2f66a4ba-d54b-4171-9702-1a8ceff25405,2026-02-27,P,holdout
25aa9790-c352-449b-8208-b39d64dba0bb,2026-06-15,P,holdout
5472199e-49f4-46f5-9828-6d2a6413c24e,2025-04-05,P,holdout
548723a6-eef4-43df-b228-da5d54aea5c5,2026-06-30,U,holdout
79ffa5fc-0f1a-4b88-a2cd-bf569aeae8bf,2026-07-08,P,holdout
af2e4550-c83e-4de3-b5af-4152bd55c973,2026-05-27,P,holdout
51ff9e3a-f16b-424e-b86d-cd9e738d0ab8,2026-08-21,P,holdout
f7daecb5-ce13-4fa8-b98b-6060b299189f,2026-07-03,P,holdout
b77204f7-58d5-4666-ac74-6459b016689a,2025-12-11,T,holdout
4882997e-380a-4b93-9117-3e14a2dfcc96,2026-07-29,P,holdout
a5b8791c-06ff-4a5f-bd82-c6767a007169,2026-09-07,T,holdout
4136492d-8021-4dd1-8a4e-3a367a435396,2026-03-24,T,holdout
c9514d6e-61dc-4c3f-8740-797d9d6a2164,2026-08-20,P,holdout
770b0008-8aa5-4875-b057-af7d4fc1d4ea,2026-02-09,T,holdout
3a5cd58f-107a-4ad5-92cc-53555768ee66,2026-07-24,T,holdout
e4a7dd81-94fb-4d36-baab-2a39fb3c6ffc,2026-08-13,P,holdout
3d345e37-a73a-4b5d-a8ec-d90eeeda5041,2025-06-19,T,holdout
